Player;Pos;HT;WT;Team;Birth City;Draft Status;Nationality
Alberto Abalde;GF;6-7;215;Real Madrid;A Coruna;2017 NBA Draft, Undrafted;Spain
Alex Abrines;GF;6-6;190;Barca;Palma;2013 Rnd 2 Pick 2;Spain
Quincy Acy;F;6-7;240;Olympiacos;Tyler (TX);2012 Rnd 2 Pick 7;United States
Ismet Akpinar;PG;6-4;176;Fenerbahce Ulker;Hamburg;2017 NBA Draft, Undrafted;Germany
Ahmad Al Dwairi;G;7-0;267;Fenerbahce Ulker;Istanbul;2015 NBA Draft, Undrafted;"Turkey
Jordan"
Carlos Alocen;PG;6-5;205;Real Madrid;Zaragoza;2022 NBA Draft Eligible;Spain
Davide Alviti;F;6-8;196;AX Armani Exchange Milan;Alatri;2018 NBA Draft, Undrafted;Italy
James Anderson;GF;6-6;210;Anadolu Efes;El Dorado (AR);2010 Rnd 1 Pick 20;United States
Danilo Andjusic;SG;6-4;200;AS Monaco Basket;Belgrade;2013 NBA Draft, Undrafted;Serbia
Kostas Antetokounmpo;PF;6-10;200;ASVEL Basket;Athens;2018 Rnd 2 Pick 30;"Greece
United States"
Semen Antonov;SF;6-8;214;CSKA Moscow;Tyumen;2011 NBA Draft, Undrafted;Russia
Neoklis Avdalas;GF;6-5;-;Panathinaikos;Athens;2028 NBA Draft Eligible;Greece
Dwayne Bacon;SF;6-6;221;AS Monaco Basket;Lakeland (FL);2017 Rnd 2 Pick 10;United States
Ibou Badji;C;7-2;230;Barca;Dakar;2024 NBA Draft Eligible;Senegal
Dogus Balbay;G;6-1;175;Anadolu Efes;Kadikoy;2011 NBA Draft, Undrafted;Turkey
Tommaso Baldasso;G;6-5;194;AX Armani Exchange Milan;Turin;2020 NBA Draft, Undrafted;Italy
Wade Baldwin IV;G;6-4;220;Baskonia;Bellemead (NJ);2016 Rnd 1 Pick 17;United States
Billy Baron;SG;6-2;195;Zenit Saint Petersburg;East Greenwich (RI);2014 NBA Draft, Undrafted;United States
Alex Barrera;SG;6-7;180;Baskonia;Esplugues De Llobregat;2014 NBA Draft, Undrafted;Spain
Danilo Barthel;PF;6-10;220;Fenerbahce Ulker;Heidelberg;2013 NBA Draft, Undrafted;Germany
Rodrigue Beaubois;G;6-1;183;Anadolu Efes;Pointe-a-Pitre;2009 Rnd 1 Pick 25;France
Iddo Ben Harush;G;6-2;-;Maccabi FOX Tel Aviv;N/A;2020 NBA Draft, Undrafted;Israel
Ben Bentil;F;6-9;235;AX Armani Exchange Milan;Accra;2016 Rnd 2 Pick 21;"Ghana
United States"
Tarik Biberovic;G;6-7;218;Fenerbahce Ulker;Zenica;2023 NBA Draft Eligible;Bosnia and Herzegovina
Paul Biligha;C;6-6;234;AX Armani Exchange Milan;Perugia;2012 NBA Draft, Undrafted;Italy
James Birsen;SF;6-10;223;Fenerbahce Ulker;Kadikoy;2017 NBA Draft, Undrafted;Turkey
Tamir Blatt;PG;6-3;180;ALBA Berlin;Netanya;2019 NBA Draft, Undrafted;Israel
Oz Blayzer;PF;6-7;208;Maccabi FOX Tel Aviv;Tiberias;2014 NBA Draft, Undrafted;Israel
Marek Blazevic;C;6-11;240;Zalgiris;Vilnius;2023 NBA Draft Eligible;Lithuania
Lefteris Bochoridis;PG;6-5;190;Panathinaikos;Thessaloniki;2016 NBA Draft, Undrafted;Greece
Joel Bolomboy;FC;6-9;235;CSKA Moscow;Fort Worth (TX);2016 Rnd 2 Pick 22;"United States
Russia"
Devin Booker;PF;6-8;250;Fenerbahce Ulker;Whitmire (SC);2013 NBA Draft, Undrafted;United States
Jerry Boutsiele;C;6-8;207;AS Monaco Basket;Courcouronnes;2014 NBA Draft, Undrafted;France
Oded David Brandwein;PG;6-1;182;Maccabi FOX Tel Aviv;Petah Tikva;2010 NBA Draft, Undrafted;Israel
Jarrell Brantley;SF;6-7;238;UNICS Kazan;Columbia (SC);2019 Rnd 2 Pick 20;United States
John Brown;GF;6-8;205;UNICS Kazan;Jacksonville (FL);2016 NBA Draft, Undrafted;United States
Lorenzo Brown;SG;6-5;189;UNICS Kazan;Roswell (NM);2013 Rnd 2 Pick 22;United States
Elijah Bryant;SG;6-5;210;Anadolu Efes;Hoschton (GA);2018 NBA Draft, Undrafted;United States
Michael Caicedo;F;6-6;-;Barca;N/A;2025 NBA Draft Eligible;Spain
Nick Calathes;PG;6-6;213;Barca;Casselberry (FL);2009 Rnd 2 Pick 15;"United States
Greece"
Angelo Caloiaro;SF;6-8;225;Maccabi FOX Tel Aviv;San Jose (CA);2012 NBA Draft, Undrafted;United States
Isaiah Canaan;G;6-0;200;UNICS Kazan;Biloxi (MS);2013 Rnd 2 Pick 4;United States
Jaycee Carroll;SG;6-2;170;Real Madrid;Laramie (WY);2008 NBA Draft, Undrafted;"United States
Azerbaijan"
Tyson Carter;PG;6-4;175;Zenit Saint Petersburg;Starkville (MS);2020 NBA Draft, Undrafted;United States
Aaron Carver;PF;6-7;225;Zenit Saint Petersburg;Elizabeth City (NC);2020 NBA Draft, Undrafted;United States
Fabien Causeur;SG;6-3;198;Real Madrid;Brest;2009 NBA Draft, Undrafted;France
Tyler Cavanaugh;F;6-9;240;Zalgiris;DeWitt (NY);2017 NBA Draft, Undrafted;United States
Nikos Chougkaz;F;6-9;200;Panathinaikos;Athens;2021 NBA Draft, Undrafted;Greece
Vasilis Christidis;PF;6-9;240;Olympiacos;Thessaloniki;2020 NBA Draft, Undrafted;Greece
Sidy Cissoko;F;6-8;-;Baskonia;N/A;2026 NBA Draft Eligible;France
Will Clyburn;F;6-6;210;CSKA Moscow;Detroit (MI);2013 NBA Draft, Undrafted;United States
Jake Cohen;FC;6-10;235;Maccabi FOX Tel Aviv;Berwyn (PA);2013 NBA Draft, Undrafted;"United States
Israel"
Matt Costello;C;6-10;245;Baskonia;Linwood (MI);2016 NBA Draft, Undrafted;"United States
Ivory Coast"
Troy Daniels;G;6-4;205;AX Armani Exchange Milan;Roanoke (VA);2013 NBA Draft, Undrafted;United States
Gigi Datome;SF;6-8;215;AX Armani Exchange Milan;Montebelluna;2009 NBA Draft, Undrafted;Italy
Dejan Davidovac;SF;6-8;210;KK Crvena Zvezda;Zrenjanin;2017 NBA Draft, Undrafted;Serbia
Brandon Davies;PF;6-10;240;Barca;Philadelphia (PA);2013 NBA Draft, Undrafted;"United States
Uganda"
Nando De Colo;G;6-5;195;Fenerbahce Ulker;Sainte-Catherine-les-Arras;2009 Rnd 2 Pick 23;France
Gabriel Deck;F;6-8;232;Real Madrid;Santiago del Estero;2017 NBA Draft, Undrafted;Argentina
Malcolm Delaney;SG;6-3;190;AX Armani Exchange Milan;Baltimore (MD);2011 NBA Draft, Undrafted;United States
Malte Delow;GF;6-6;170;ALBA Berlin;Berlin;2023 NBA Draft Eligible;Germany
Rudy Demahis Ballou;G;6-3;-;AS Monaco Basket;Rouen;2024 NBA Draft Eligible;France
Egor Demin;PG;6-7;-;Real Madrid;N/A;2028 NBA Draft Eligible;Russia
John DiBartolomeo;G;6-0;175;Maccabi FOX Tel Aviv;Westport (CT);2013 NBA Draft, Undrafted;"United States
Israel"
Alpha Diallo;SF;6-6;207;AS Monaco Basket;Denver (CO);2020 NBA Draft, Undrafted;"United States
Guinea"
Emmanouil Dimou;PG;6-4;-;Panathinaikos;N/A;2026 NBA Draft Eligible;Greece
Antoine Diot;PG;6-4;188;ASVEL Basket;Bourg-en-Bresse;2011 NBA Draft, Undrafted;France
Nihad Djedovic;SG;6-6;205;Bayern Munich;Visegrad;2012 NBA Draft, Undrafted;Bosnia and Herzegovina
Ognjen Dobric;F;6-6;198;KK Crvena Zvezda;Knin;2016 NBA Draft, Undrafted;"Croatia
Serbia"
Tyler Dorsey;SG;6-3;183;Olympiacos;Los Angeles (CA);2017 Rnd 2 Pick 11;"United States
Greece"
Zoran Dragic;SG;6-5;200;Zalgiris;Ljubljana;2011 NBA Draft, Undrafted;Slovenia
Sergey Drakovsky;G;6-3;190;UNICS Kazan;N/A;2023 NBA Draft Eligible;Russia
Bryant Dunston;C;6-8;233;Anadolu Efes;Queens (NY);2008 NBA Draft, Undrafted;"United States
Armenia"
Ahmet Duverioglu;C;7-0;250;Fenerbahce Ulker;Istanbul;2015 NBA Draft, Undrafted;"Turkey
Jordan"
Steven Enoch;PF;6-10;260;Baskonia;Norwalk (CT);2020 NBA Draft, Undrafted;"United States
Armenia"
Marcus Eriksson;GF;6-7;178;ALBA Berlin;Helga Trefald;2015 Rnd 2 Pick 20;Sweden
Jeremy Evans;F;6-9;200;Panathinaikos;Crossett (AR);2010 Rnd 2 Pick 25;United States
Keenan Evans;SG;6-3;190;Maccabi FOX Tel Aviv;Richardson (TX);2018 NBA Draft, Undrafted;United States
Alexander Evseev;PF;6-9;200;CSKA Moscow;Saratov;2024 NBA Draft Eligible;Russia
Dante Exum;PG;6-5;214;Barca;Canberra;2014 Rnd 1 Pick 5;Australia
Moustapha Fall;PF;7-2;235;Olympiacos;Paris;2014 NBA Draft, Undrafted;France
Youssoupha Fall;C;7-3;271;ASVEL Basket;Dakar;2017 NBA Draft, Undrafted;Senegal
Kenneth Faried;F;6-8;220;CSKA Moscow;Newark (NJ);2011 Rnd 1 Pick 22;United States
Ibrahima Faye;PF;6-9;225;AS Monaco Basket;Fissel;2019 NBA Draft, Undrafted;Senegal
Rudy Fernandez;SG;6-6;185;Real Madrid;Palma;2007 Rnd 1 Pick 24;Spain
Yogi Ferrell;G;6-0;180;Panathinaikos;Greenfield (IN);2016 NBA Draft, Undrafted;United States
Gianmarco Fiorillo;G;6-1;-;AX Armani Exchange Milan;N/A;2024 NBA Draft Eligible;Italy
Jehyve Floyd;SF;6-8;226;Panathinaikos;Parlin (NJ);2019 NBA Draft, Undrafted;United States
Simone Fontecchio;SF;6-7;200;Baskonia;Pescara;2017 NBA Draft, Undrafted;Italy
Conner Frankamp;PG;6-1;169;Zenit Saint Petersburg;Wichita (KS);2018 NBA Draft, Undrafted;"United States
Georgia"
Allerik Freeman;SG;6-3;200;CSKA Moscow;Charlotte (NC);2018 NBA Draft, Undrafted;United States
Vitaliy Fridzon;SG;6-5;181;Zenit Saint Petersburg;Klintsy;2007 NBA Draft, Undrafted;Russia
Philip Gafurov;C;7-0;198;CSKA Moscow;N/A;2023 NBA Draft Eligible;Russia
Sediq Garuba;GF;6-4;178;Real Madrid;Madrid;2026 NBA Draft Eligible;Spain
Erten Gazi;SG;6-3;205;Anadolu Efes;Nicosia;2020 NBA Draft, Undrafted;"Cyprus
Turkey"
Tolga Gecim;PG;6-8;200;Anadolu Efes;Seyhan;2018 NBA Draft, Undrafted;Turkey
Jason George;SF;6-6;202;Bayern Munich;N/A;2023 NBA Draft Eligible;Germany
Rokas Giedraitis;SG;6-6;179;Baskonia;Taurage;2014 NBA Draft, Undrafted;Lithuania
Niels Giffey;GF;6-7;205;Zalgiris;Berlin;2014 NBA Draft, Undrafted;Germany
James Gist;PF;6-9;235;ASVEL Basket;Silver Spring (MD);2008 Rnd 2 Pick 27;United States
Jayson Granger;PG;6-2;195;Baskonia;Montevideo;2011 NBA Draft, Undrafted;Uruguay
Jerian Grant;SG;6-4;198;AX Armani Exchange Milan;Silver Spring (MD);2015 Rnd 1 Pick 19;United States
Rob Gray;PG;6-4;185;AS Monaco Basket;Forest City (NC);2018 NBA Draft, Undrafted;"United States
France"
Marius Grigonis;SF;6-6;195;CSKA Moscow;Kaunas;2016 NBA Draft, Undrafted;Lithuania
Arturas Gudaitis;C;6-10;254;Zenit Saint Petersburg;Klaipeda;2015 Rnd 2 Pick 17;Lithuania
Alexander Gudumak;PF;6-7;245;CSKA Moscow;Balts;2015 NBA Draft, Undrafted;Russia
Marko Guduric;SG;6-6;201;Fenerbahce Ulker;Priboj;2017 NBA Draft, Undrafted;Serbia
Marko Gusic;-;6-6;187;KK Crvena Zvezda;Belgrade;2024 NBA Draft Eligible;Serbia
Egemen Guven;C;6-10;220;Anadolu Efes;Konak;2018 NBA Draft, Undrafted;Turkey
Daniel Hackett;G;6-5;215;CSKA Moscow;Pesaro;2009 NBA Draft, Undrafted;"United States
Italy"
Devon Hall;SG;6-5;215;AX Armani Exchange Milan;Virginia Beach (VA);2018 Rnd 2 Pick 23;United States
Donta Hall;PF;6-9;229;AS Monaco Basket;Luverne (AL);2019 NBA Draft, Undrafted;United States
Adam Hanga;SF;6-7;200;Real Madrid;Budapest;2011 Rnd 2 Pick 29;Hungary
Ondrej Hanzlik;F;6-7;195;Baskonia;Prague;2024 NBA Draft Eligible;Czech Republic
Nigel Hayes;F;6-8;254;Barca;Toledo (OH);2017 NBA Draft, Undrafted;United States
Sehmus Hazer;SG;6-4;190;Fenerbahce Ulker;Batman;2021 NBA Draft, Undrafted;Turkey
Pierria Henry;G;6-5;197;Fenerbahce Ulker;South Charleston (WV);2015 NBA Draft, Undrafted;"United States
Senegal"
Thomas Heurtel;G;6-2;180;Real Madrid;Pau;2010 NBA Draft, Undrafted;France
Mario Hezonja;SG;6-8;220;UNICS Kazan;Dubrovnik;2015 Rnd 1 Pick 5;Croatia
Cory Higgins;G;6-5;181;Barca;Danville (CA);2011 NBA Draft, Undrafted;United States
Darrun Hilliard;SG;6-6;220;Bayern Munich;Bethlehem (PA);2015 Rnd 2 Pick 8;United States
Kyle Hines;FC;6-6;230;AX Armani Exchange Milan;Sicklerville (NJ);2008 NBA Draft, Undrafted;United States
John Holland;SF;6-5;205;UNICS Kazan;Bronx (NY);2011 NBA Draft, Undrafted;"United States
Puerto Rico"
Austin Hollins;G;6-4;183;KK Crvena Zvezda;Chandler (AZ);2014 NBA Draft, Undrafted;United States
Kymany Houinsou;SG;6-6;-;ASVEL Basket;N/A;2026 NBA Draft Eligible;France
William Howard;F;6-8;207;ASVEL Basket;Montbrisson;2015 NBA Draft, Undrafted;France
Othello Hunter;FC;6-8;225;Bayern Munich;Winston-Salem (NC);2008 NBA Draft, Undrafted;United States
Omer Ilyasoglu;PG;6-5;188;Anadolu Efes;Silivri;2023 NBA Draft Eligible;Turkey
Nikola Ivanovic;PG;6-3;170;KK Crvena Zvezda;Podgorica;2016 NBA Draft, Undrafted;Montenegro
Vladimir Ivlev;F;6-9;198;CSKA Moscow;Moscow;2012 NBA Draft, Undrafted;Russia
Mike James;PG;6-1;190;AS Monaco Basket;Portland (OR);2012 NBA Draft, Undrafted;United States
Paulius Jankunas;SF;6-9;236;Zalgiris;Kaunas;2006 NBA Draft, Undrafted;Lithuania
Ognjen Jaramaz;SG;6-4;181;Bayern Munich;Krusevac;2017 Rnd 2 Pick 28;Serbia
Livio Jean-Charles;SF;6-9;230;Olympiacos;Cayenne;2013 Rnd 1 Pick 28;France
Tonye Jekiri;C;7-0;227;UNICS Kazan;Lagos;2016 NBA Draft, Undrafted;"Nigeria
United States"
Rokas Jokubaitis;PG;6-4;182;Barca;Mazeikiai;2021 Rnd 2 Pick 4;Lithuania
Chris Jones;G;6-2;200;ASVEL Basket;Garland (TX);2015 NBA Draft, Undrafted;United States
Stefan Jovic;G;6-5;208;Panathinaikos;Nis;2012 NBA Draft, Undrafted;Serbia
Nikola Kalinic;F;6-8;222;KK Crvena Zvezda;Subotica;2013 NBA Draft, Undrafted;Serbia
Mantas Kalnietis;PG;6-5;185;Zalgiris;Kaunas;2008 NBA Draft, Undrafted;Lithuania
Ismail Karabilen;PF;6-8;195;Fenerbahce Ulker;Istanbul;2023 NBA Draft Eligible;Turkey
Sergey Karasev;SF;6-7;213;Zenit Saint Petersburg;Saint Petersburg;2013 Rnd 1 Pick 19;Russia
Vladimir Karpenko;F;6-3;168;CSKA Moscow;N/A;2022 NBA Draft Eligible;Russia
Maxim Karvanen;PF;6-8;210;Zenit Saint Petersburg;Saint Petersburg;2021 NBA Draft, Undrafted;Russia
Leonidas Kaselakis;C;6-7;210;Panathinaikos;Cholargos;2012 NBA Draft, Undrafted;Greece
Vassilis Kavvadas;PF;6-8;255;Panathinaikos;Athens;2013 NBA Draft, Undrafted;Greece
Trey Kell;G;6-4;210;AX Armani Exchange Milan;San Diego (CA);2018 NBA Draft, Undrafted;"United States
Syria"
Dmitry Khalturin;C;6-10;235;CSKA Moscow;Moscow;2024 NBA Draft Eligible;Russia
Alexander Khomenko;G;6-4;180;CSKA Moscow;Belgorod;2021 NBA Draft, Undrafted;Russia
Urban Klavzar;PG;6-1;177;Real Madrid;Ljubljana;2026 NBA Draft Eligible;Slovenia
Artem Klimenko;C;7-0;242;UNICS Kazan;Saratov;2014 NBA Draft, Undrafted;Russia
Brandon Knight;G;6-2;182;Olympiacos;Miami (FL);2011 Rnd 1 Pick 8;United States
Marcos Knight;G;6-2;215;AS Monaco Basket;Dublin (GA);2013 NBA Draft, Undrafted;United States
Artem Komissarov;GF;6-7;183;UNICS Kazan;Dushanbe;2012 NBA Draft, Undrafted;Tajikistan
Artem Komolov;SG;6-5;192;UNICS Kazan;Moscow;2015 NBA Draft, Undrafted;Russia
Christ Koumadje;C;7-4;270;ALBA Berlin;Dakar;2019 NBA Draft, Undrafted;Senegal
Motiejus Krivas;C;7-0;220;Zalgiris;Kaunas;2026 NBA Draft Eligible;Lithuania
Dmitry Kulagin;SG;6-6;196;Zenit Saint Petersburg;Moscow;2014 NBA Draft, Undrafted;Russia
Nikita Kurbanov;F;6-8;232;CSKA Moscow;Moscow;2008 NBA Draft, Undrafted;Russia
Kyle Kuric;SG;6-4;195;Barca;Evansville (IN);2012 NBA Draft, Undrafted;United States
Arturs Kurucs;SG;6-3;190;Baskonia;Cesis;2022 NBA Draft Eligible;Latvia
Ognen Kuzmic;C;7-1;251;KK Crvena Zvezda;Doboj;2012 Rnd 2 Pick 22;"Bosnia and Herzegovina
Serbia"
Mindaugas Kuzminskas;SF;6-9;215;Zenit Saint Petersburg;Vilnius;2011 NBA Draft, Undrafted;Lithuania
Paul Lacombe;SG;6-4;195;ASVEL Basket;Venissieux;2012 NBA Draft, Undrafted;France
Ben Lammers;C;6-10;234;ALBA Berlin;San Antonio (TX);2018 NBA Draft, Undrafted;United States
Rafail Lanaras;SG;6-5;-;ASVEL Basket;N/A;2023 NBA Draft Eligible;Greece
Nicolas Laprovittola;PG;6-4;180;Barca;Buenos Aires;2012 NBA Draft, Undrafted;Argentina
Giannoulis Larentzakis;GF;6-5;200;Olympiacos;Amarousio;2015 NBA Draft, Undrafted;Greece
Shane Larkin;PG;5-11;175;Anadolu Efes;Cincinnati (OH);2013 Rnd 1 Pick 18;"United States
Turkey"
Joffrey Lauvergne;PF;6-11;260;Zalgiris;Mulhouse;2013 Rnd 2 Pick 25;France
Ivan Lazarev;PF;6-9;200;UNICS Kazan;Moscow;2013 NBA Draft, Undrafted;Russia
Stefan Lazarevic;SF;6-6;180;KK Crvena Zvezda;Belgrade;2018 NBA Draft, Undrafted;Serbia
Branko Lazic;SG;6-5;192;KK Crvena Zvezda;Loznica;2011 NBA Draft, Undrafted;Serbia
Paris Lee;G;6-0;185;AS Monaco Basket;Maywood (IL);2017 NBA Draft, Undrafted;United States
Lukas Lekavicius;PG;6-0;167;Zalgiris;Silale;2016 NBA Draft, Undrafted;Lithuania
Andrea Angelo Leoni;F;6-5;-;AX Armani Exchange Milan;N/A;2022 NBA Draft Eligible;Italy
Mathias Lessort;F;6-9;250;Maccabi FOX Tel Aviv;Fort-de-France;2017 Rnd 2 Pick 20;France
David Lighty;SF;6-6;216;ASVEL Basket;Cleveland (OH);2011 NBA Draft, Undrafted;"United States
France"
Sergio Llull;PG;6-3;190;Real Madrid;Mahon;2009 Rnd 2 Pick 4;Spain
Maodo Lo;PG;6-3;194;ALBA Berlin;Berlin;2016 NBA Draft, Undrafted;Germany
Charles Lombahe-Kahudi;SF;6-5;183;ASVEL Basket;Kinshasa;2008 NBA Draft, Undrafted;"Republic of the Congo
France"
Andrey Lopatin;F;6-9;200;CSKA Moscow;Moscow;2020 NBA Draft, Undrafted;Russia
Michail Lountzis;PG;6-4;185;Olympiacos;Amarousio;2020 NBA Draft, Undrafted;Greece
Jordan Loyd;G;6-4;210;Zenit Saint Petersburg;Atlanta (GA);2016 NBA Draft, Undrafted;"United States
Serbia"
Vladimir Lucic;SF;6-8;200;Bayern Munich;Belgrade;2011 NBA Draft, Undrafted;Serbia
Karolis Lukosiunas;F;6-5;210;Zalgiris;Vilnius;2019 NBA Draft, Undrafted;Lithuania
Gabriel Lundberg;G;6-4;202;CSKA Moscow;Copenhagen;2016 NBA Draft, Undrafted;Denmark
Daryl Macon;PG;6-3;185;Panathinaikos;Little Rock (AR);2018 NBA Draft, Undrafted;United States
Melih Mahmutoglu;SG;6-3;187;Fenerbahce Ulker;Kadikoy;2012 NBA Draft, Undrafted;Turkey
Lefteris Mantzoukas;F;6-9;220;Panathinaikos;Ioannina;2025 NBA Draft Eligible;Greece
Vanja Marinkovic;G;6-6;194;Baskonia;Belgrade;2019 Rnd 2 Pick 30;Serbia
Stefan Markovic;PG;6-6;215;KK Crvena Zvezda;Belgrade;2010 NBA Draft, Undrafted;Serbia
Hassan Martin;F;6-7;235;Olympiacos;Staten Island (NY);2017 NBA Draft, Undrafted;United States
Sergi Martinez;F;6-7;220;Barca;Barcelona;2021 NBA Draft, Undrafted;Spain
Jonas Mattisseck;G;6-5;152;ALBA Berlin;Berlin;2022 NBA Draft Eligible;Germany
O.J. Mayo;SG;6-5;210;UNICS Kazan;Huntington (WV);2008 Rnd 1 Pick 3;United States
Babacar Mbye;C;7-0;-;ASVEL Basket;N/A;2024 NBA Draft Eligible;Gambia
Shaquielle McKissic;F;6-5;200;Olympiacos;Seattle (WA);2015 NBA Draft, Undrafted;United States
Nicolo Melli;PF;6-9;235;AX Armani Exchange Milan;Reggio Emilia;2013 NBA Draft, Undrafted;Italy
Ido Menchel;G;6-0;-;Maccabi FOX Tel Aviv;N/A;2026 NBA Draft Eligible;Israel
Vasilje Micic;PG;6-5;200;Anadolu Efes;Kraljevo;2014 Rnd 2 Pick 22;Serbia
Jordan Mickey;PF;6-8;235;Zenit Saint Petersburg;Arlington (TX);2015 Rnd 2 Pick 3;United States
Arturas Milaknis;SG;6-4;198;Zalgiris;Kaunas;2008 NBA Draft, Undrafted;Lithuania
Baba Miller;F;6-10;-;Real Madrid;Palma;2026 NBA Draft Eligible;Spain
Nikola Milutinov;C;7-0;220;CSKA Moscow;Novi Sad;2015 Rnd 1 Pick 26;Serbia
Regimantas Miniotas;C;6-9;210;Zalgiris;Kedainiai;2018 NBA Draft, Undrafted;Lithuania
Nikola Mirotic;F;6-10;250;Barca;Podgorica;2011 Rnd 1 Pick 23;"Montenegro
Spain"
Kostas Mitoglou;PF;6-10;245;AX Armani Exchange Milan;Thessaloniki;2018 NBA Draft, Undrafted;Greece
Luka Mitrovic;PF;6-8;200;KK Crvena Zvezda;Novi Sad;2015 Rnd 2 Pick 30;Serbia
Adrien Moerman;F;6-8;225;Anadolu Efes;Fontenay-aux-Roses;2010 NBA Draft, Undrafted;France
Sergei Monia;PF;6-8;220;Zenit Saint Petersburg;Saratov;2004 Rnd 1 Pick 23;Russia
Riccardo Moraschini;SG;6-4;203;AX Armani Exchange Milan;Cento;2013 NBA Draft, Undrafted;Italy
Raymar Morgan;F;6-8;245;ASVEL Basket;Canton (OH);2010 NBA Draft, Undrafted;"United States
Turkey"
Donatas Motiejunas;C;7-0;222;AS Monaco Basket;Kaunas;2011 Rnd 1 Pick 20;Lithuania
Brock Motum;PF;6-10;235;AS Monaco Basket;Sunnybank;2013 NBA Draft, Undrafted;Australia
Emmanuel Mudiay;SG;6-5;200;Zalgiris;Kinshasa;2015 Rnd 1 Pick 7;"United States
Democratic Republic of the Congo"
Eli John N'Diyae;C;6-8;183;Real Madrid;Guediawaye;2026 NBA Draft Eligible;Senegal
Shabazz Napier;PG;6-1;180;Zenit Saint Petersburg;Roxbury (MA);2014 Rnd 1 Pick 24;"United States
Puerto Rico"
Josh Nebo;FC;6-9;244;Zalgiris;Katy (TX);2020 NBA Draft, Undrafted;United States
Nemanja Nedovic;SG;6-3;192;Panathinaikos;Nova Varos;2013 Rnd 1 Pick 30;Serbia
Kresimir Nikic;C;7-0;210;ALBA Berlin;Zagreb;2021 NBA Draft, Undrafted;Croatia
James Nnaji;C;6-10;198;Barca;N/A;2026 NBA Draft Eligible;Nigeria
Landry Nnoko;FC;6-10;250;Bayern Munich;Yaounde;2016 NBA Draft, Undrafted;Cameroon
Juan Nunez;PG;6-3;180;Real Madrid;Madrid;2026 NBA Draft Eligible;Spain
James Nunnally;F;6-7;220;Maccabi FOX Tel Aviv;Stockton (CA);2012 NBA Draft, Undrafted;United States
Joshua Obiesie;F;6-6;190;Bayern Munich;Munich;2019 NBA Draft, Undrafted;Germany
Andreas Obst;SG;6-3;200;Bayern Munich;Halle;2018 NBA Draft, Undrafted;Germany
Marvin Ogunsipe;PF;6-9;231;Bayern Munich;Vienna;2018 NBA Draft, Undrafted;Austria
Elie Okobo;PG;6-3;190;ASVEL Basket;Bordeaux;2018 Rnd 2 Pick 1;France
Louis Olinde;SF;6-9;195;ALBA Berlin;Hamburg;2020 NBA Draft, Undrafted;Germany
Yigit Onan;F;6-10;-;Fenerbahce Ulker;N/A;2024 NBA Draft Eligible;Turkey
Pierre Oriola;PF;6-8;235;Barca;Tarrega;2014 NBA Draft, Undrafted;Spain
Dylan Osetkowski;C;6-9;250;ASVEL Basket;San Juan Capistrano (CA);2019 NBA Draft, Undrafted;United States
Yakuba Ouattara;SG;6-4;220;AS Monaco Basket;Tema;2014 NBA Draft, Undrafted;"Ghana
France"
Kevin Pangos;PG;6-2;185;CSKA Moscow;Newmarket;2015 NBA Draft, Undrafted;Canada
George Papagiannis;C;7-2;275;Panathinaikos;Amarousio;2016 Rnd 1 Pick 13;Greece
Kostas Papanikolaou;PF;6-8;225;Olympiacos;Trikala;2012 Rnd 2 Pick 18;Greece
Ioannis Papapetrou;SF;6-8;225;Panathinaikos;Patras;2014 NBA Draft, Undrafted;Greece
Romain Parmentelot;G;6-1;-;ASVEL Basket;N/A;2026 NBA Draft Eligible;France
Alexey Pavlov;SF;6-4;192;UNICS Kazan;N/A;2023 NBA Draft Eligible;Russia
Stefan Peno;PG;6-6;200;ALBA Berlin;Belgrade;2019 NBA Draft, Undrafted;Serbia
Kendrick Perry;G;6-0;180;Panathinaikos;Ocoee (FL);2014 NBA Draft, Undrafted;United States
Alec Peters;F;6-9;225;Baskonia;Washington (IL);2017 Rnd 2 Pick 24;United States
Lamar Peters;PG;6-0;185;Baskonia;New Orleans (LA);2019 NBA Draft, Undrafted;United States
Filip Petrusev;FC;6-11;235;Anadolu Efes;Belgrade;2021 Rnd 2 Pick 20;Serbia
Dyshawn Pierre;SF;6-6;230;Fenerbahce Ulker;Whitby;2016 NBA Draft, Undrafted;Canada
Tibor Pleiss;C;7-3;256;Anadolu Efes;Bergisch Gladbach;2010 Rnd 2 Pick 1;Germany
Vincent Poirier;C;7-0;235;Real Madrid;Clamart;2015 NBA Draft, Undrafted;France
Achille Polonara;PF;6-8;198;Fenerbahce Ulker;Ancona;2013 NBA Draft, Undrafted;Italy
Mateusz Ponitka;SG;6-6;206;Zenit Saint Petersburg;Ostrow Wielkopolski;2015 NBA Draft, Undrafted;Poland
Nemanja Popovic;F;6-8;218;KK Crvena Zvezda;Arandelovac;2023 NBA Draft Eligible;Serbia
Alex Poythress;F;6-9;235;Zenit Saint Petersburg;Clarksville (TN);2016 NBA Draft, Undrafted;United States
Georgios Printezis;F;6-9;235;Olympiacos;Athens;2007 Rnd 2 Pick 28;Greece
Anton Pushkov;PF;6-9;216;Zenit Saint Petersburg;Tyumen;2010 NBA Draft, Undrafted;Russia
Leon Radosevic;C;6-9;224;Bayern Munich;Sisak;2012 NBA Draft, Undrafted;Croatia
Sander Raieste;SF;6-8;210;Baskonia;Tallinn;2021 NBA Draft, Undrafted;Estonia
Anthony Randolph;PF;6-11;225;Real Madrid;Wurzbach;2008 Rnd 1 Pick 14;"United States
Slovenia"
Jacopo Rapetti;F;6-7;-;AX Armani Exchange Milan;N/A;2022 NBA Draft Eligible;Italy
Duop Reath;C;6-11;232;KK Crvena Zvezda;Mirrabooka;2018 NBA Draft, Undrafted;Australia
Jalen Reynolds;F;6-10;238;Maccabi FOX Tel Aviv;Livonia (MI);2016 NBA Draft, Undrafted;United States
Giampaolo Ricci;F;6-7;224;AX Armani Exchange Milan;Rome;2013 NBA Draft, Undrafted;Italy
Zaccharie Risacher;F;6-8;-;ASVEL Basket;N/A;2027 NBA Draft Eligible;France
K.C. Rivers;SF;6-5;198;Bayern Munich;Charlotte (NC);2009 NBA Draft, Undrafted;United States
Sergio Rodriguez;PG;6-3;176;AX Armani Exchange Milan;N/A;2006 Rnd 1 Pick 27;Spain
Augustine Rubit;PF;6-7;220;Bayern Munich;Houston (TX);2014 NBA Draft, Undrafted;United States
Mantas Rubstavicius;G;6-6;184;Zalgiris;Panevezys;2024 NBA Draft Eligible;Lithuania
Ekrem Sancakli;SF;6-7;191;Fenerbahce Ulker;Istanbul;2023 NBA Draft Eligible;Turkey
Sertac Sanli;FC;7-0;254;Barca;Istanbul;2013 NBA Draft, Undrafted;Turkey
Howard Sant-Roos;SF;6-7;180;Panathinaikos;Havana;2013 NBA Draft, Undrafted;Cuba
Titas Sargiunas;G;6-3;180;Zalgiris;Kaunas;2025 NBA Draft Eligible;Lithuania
Pavel Savkov;SG;6-7;200;Baskonia;Moscow;2024 NBA Draft Eligible;Russia
Yigitcan Saybir;PF;6-7;200;Anadolu Efes;Sisli;2021 NBA Draft, Undrafted;Turkey
Gavin Schilling;SF;6-9;240;Bayern Munich;Munich;2018 NBA Draft, Undrafted;"Germany
United States"
Tim Schneider;C;6-9;222;ALBA Berlin;Berlin;2019 NBA Draft, Undrafted;Germany
Tadas Sedekerskis;SF;6-8;205;Baskonia;Klaipeda;2020 NBA Draft, Undrafted;Lithuania
Marial Shayok;G;6-5;196;Fenerbahce Ulker;Ottawa;2019 Rnd 2 Pick 24;Canada
Tornike Shengelia;PF;6-9;220;CSKA Moscow;Tbilisi;2012 Rnd 2 Pick 24;Georgia
Shavon Shields;GF;6-7;225;AX Armani Exchange Milan;Olathe (KS);2016 NBA Draft, Undrafted;"United States
Denmark"
Alexey Shved;G;6-6;187;CSKA Moscow;Belgorod;2010 NBA Draft, Undrafted;Russia
Antonios Sigalas;G;6-2;-;Panathinaikos;N/A;2025 NBA Draft Eligible;Greece
Luke Sikma;PF;6-8;235;ALBA Berlin;Bellevue (WA);2011 NBA Draft, Undrafted;United States
Krunoslav Simon;F;6-6;220;Anadolu Efes;Zagreb;2007 NBA Draft, Undrafted;Croatia
Marko Simonovic;SF;6-8;220;KK Crvena Zvezda;Pristina;2008 NBA Draft, Undrafted;"Kosovo
Serbia"
Chris Singleton;FC;6-8;228;Anadolu Efes;Canton (GA);2011 Rnd 1 Pick 18;United States
Zan Sisko;G;6-3;185;Bayern Munich;Ljubljana;2019 NBA Draft, Undrafted;Slovenia
Kostas Sloukas;PG;6-2;210;Olympiacos;Thessaloniki;2012 NBA Draft, Undrafted;Greece
Jaleen Smith;G;6-4;205;ALBA Berlin;Freeport (TX);2017 NBA Draft, Undrafted;United States
Rolands Smits;SF;6-10;235;Barca;Valmiera;2017 NBA Draft, Undrafted;Latvia
Roman Sorkin;SF;6-10;225;Maccabi FOX Tel Aviv;Minsk;2018 NBA Draft, Undrafted;"Belarus
Israel"
Pape Ablaye Sow;F;6-7;176;Baskonia;Thies;2025 NBA Draft Eligible;Senegal
Matteo Spagnolo;SG;6-4;185;Real Madrid;Brindisi;2025 NBA Draft Eligible;Italy
Marco Spissu;PG;5-11;156;UNICS Kazan;Sassari;2017 NBA Draft, Undrafted;Italy
Markel Starks;PG;6-1;175;Fenerbahce Ulker;Accokeek (MD);2014 NBA Draft, Undrafted;United States
Matthew Strazel;PG;6-0;178;ASVEL Basket;Paris;2024 NBA Draft Eligible;France
Janis Strelnieks;PG;6-3;190;Zalgiris;Talsi;2011 NBA Draft, Undrafted;Latvia
Kaleb Tarczewski;C;7-0;250;AX Armani Exchange Milan;Claremont (NH);2016 NBA Draft, Undrafted;United States
Edy Tavares;C;7-3;265;Real Madrid;Maio;2014 Rnd 2 Pick 13;Cape Verde
Jeffery Taylor;SF;6-7;225;Real Madrid;Norrkoping;2012 Rnd 2 Pick 1;Sweden
Kameron Taylor;F;6-6;200;Maccabi FOX Tel Aviv;Landover (MD);2016 NBA Draft, Undrafted;United States
Johannes Thiemann;C;6-8;225;ALBA Berlin;Trier;2016 NBA Draft, Undrafted;Germany
Deshaun Thomas;F;6-7;220;Bayern Munich;Fort Wayne (IN);2013 Rnd 2 Pick 28;United States
Khyri Thomas;SG;6-3;210;Maccabi FOX Tel Aviv;Omaha (NE);2018 Rnd 2 Pick 8;United States
Will Thomas;PF;6-7;230;AS Monaco Basket;Baltimore (MD);2008 NBA Draft, Undrafted;United States
Trey Thompkins;PF;6-10;245;Real Madrid;Lithonia (GA);2011 Rnd 2 Pick 7;United States
Marc Christoph Tilly;C;6-11;183;ALBA Berlin;N/A;2025 NBA Draft Eligible;Germany
Janis Timma;SF;6-7;226;UNICS Kazan;Kraslava;2013 Rnd 2 Pick 30;Latvia
Ergi Tirpanci;F;6-7;-;Fenerbahce Ulker;Cankaya;2022 NBA Draft Eligible;Turkey
Andrei Toptunov;PG;5-10;165;Zenit Saint Petersburg;N/A;2024 NBA Draft Eligible;Russia
Armel Traore;SF;6-8;210;AS Monaco Basket;Charenton-le-Pont;2025 NBA Draft Eligible;France
Burgaham Tuncer;G;6-3;191;Anadolu Efes;Fatih;2015 NBA Draft, Undrafted;Turkey
Agustin Ubal;G;6-6;195;Barca;Montevideo;2025 NBA Draft Eligible;Uruguay
Ivan Ukhov;SF;6-2;190;CSKA Moscow;Perm;2017 NBA Draft, Undrafted;Russia
Edgaras Ulanovas;SF;6-6;192;Zalgiris;Kaunas;2014 NBA Draft, Undrafted;Lithuania
Yury Umrikhin;G;6-3;182;CSKA Moscow;Moscow;2021 NBA Draft, Undrafted;Russia
Aleksa Uskokovic;PG;6-4;190;KK Crvena Zvezda;Belgrade;2021 NBA Draft, Undrafted;Serbia
Dimitri Uzinskiy;F;6-7;198;UNICS Kazan;N/A;2015 NBA Draft, Undrafted;Russia
Evgeny Valiev;F;6-7;205;UNICS Kazan;Murmansk;2012 NBA Draft, Undrafted;Russia
Jan Vesely;PF;6-11;240;Fenerbahce Ulker;Ostrava;2011 Rnd 1 Pick 6;Czech Republic
Sasha Vezenkov;PF;6-9;225;Olympiacos;Nicosia;2017 Rnd 2 Pick 27;"Cyprus
Bulgaria"
Egor Vialtsev;SG;6-4;200;Zenit Saint Petersburg;Voronezh;2007 NBA Draft, Undrafted;Russia
Rafael Villar;PG;6-1;-;Barca;L'Hospitalet de Llobregat;2026 NBA Draft Eligible;Spain
Johannes Voigtmann;C;6-11;228;CSKA Moscow;Eisenach;2014 NBA Draft, Undrafted;Germany
Igor Volkhin;PF;6-6;198;Zenit Saint Petersburg;Rubtsovsk;2019 NBA Draft, Undrafted;Russia
Andrey Vorontsevich;F;6-9;232;UNICS Kazan;Omsk;2009 NBA Draft, Undrafted;Russia
Tristan Vukcevic;C;7-0;230;Real Madrid;Belgrade;2025 NBA Draft Eligible;Serbia
Corey Walden;G;6-2;190;Bayern Munich;Daytona Beach (FL);2015 NBA Draft, Undrafted;United States
Thomas Walkup;G;6-4;195;Olympiacos;Pasadena (TX);2016 NBA Draft, Undrafted;United States
Casper Ware;G;5-10;175;CSKA Moscow;Cerritos (CA);2012 NBA Draft, Undrafted;United States
Tai Webster;G;6-2;180;Zalgiris;Auckland;2017 NBA Draft, Undrafted;New Zealand
Nick Weiler-Babb;F;6-5;205;Bayern Munich;Arlington (TX);2019 NBA Draft, Undrafted;United States
Victor Wembanyama;C;7-2;240;ASVEL Basket;Nanterre;2026 NBA Draft Eligible;France
Leo Westermann;SF;6-6;197;AS Monaco Basket;Haugenau;2014 NBA Draft, Undrafted;France
Aaron White;F;6-9;220;KK Crvena Zvezda;Strongsville (OH);2015 Rnd 2 Pick 19;United States
Okaro White;F;6-8;205;Panathinaikos;Clearwater (FL);2014 NBA Draft, Undrafted;United States
Scottie Wilbekin;G;6-2;176;Maccabi FOX Tel Aviv;Gainesville (FL);2014 NBA Draft, Undrafted;"United States
Turkey"
Derrick Williams;F;6-8;240;Maccabi FOX Tel Aviv;Bellflower (CA);2011 Rnd 1 Pick 2;United States
Nigel Williams-Goss;SG;6-3;190;Real Madrid;Happy Valley (OR);2017 Rnd 2 Pick 25;United States
Nate Wolters;PG;6-4;190;KK Crvena Zvezda;St. Cloud (MN);2013 Rnd 2 Pick 8;United States
Guerschon Yabusele;PF;6-8;260;Real Madrid;Dreux;2016 Rnd 1 Pick 16;France
Nadav Yankowitz;G;6-0;-;Maccabi FOX Tel Aviv;N/A;2024 NBA Draft Eligible;Israel
Denis Zakharov;PG;6-4;194;Zenit Saint Petersburg;Belgorod;2015 NBA Draft, Undrafted;Russia
Vyacheslav Zaytsev;G;6-3;180;UNICS Kazan;Saint Petersburg;2011 NBA Draft, Undrafted;Russia
Georgy Zhbanov;SG;6-6;190;UNICS Kazan;Yekaterinburg;2019 NBA Draft, Undrafted;Russia
Paul Zipser;F;6-8;226;Bayern Munich;Heidelberg;2016 Rnd 2 Pick 18;Germany
Maik Zirbes;C;6-9;253;KK Crvena Zvezda;Traben-Trarbach;2012 NBA Draft, Undrafted;Germany
Iftah Ziv;G;6-1;190;Maccabi FOX Tel Aviv;Haifa;2017 NBA Draft, Undrafted;Israel
Ante Zizic;C;6-11;254;Maccabi FOX Tel Aviv;Split;2016 Rnd 1 Pick 23;Croatia
Yovel Zoosman;SG;6-7;198;ALBA Berlin;Kfar Saba;2019 NBA Draft, Undrafted;Israel
Andrey Zubkov;SF;6-9;195;Zenit Saint Petersburg;Chelyabinsk;2013 NBA Draft, Undrafted;Russia
Oscar da Silva;SF;6-9;230;ALBA Berlin;Munich;2021 NBA Draft, Undrafted;Germany
